Juan,Desarrollador de Software
María,Ingeniero de Redes
Carlos,Analista de Datos
Laura,Administrador de Sistemas
Miguel,Especialista en Seguridad
Ana,Arquitecto de Software
Pedro,Desarrollador Frontend
Elena,Científico de Datos
Francisco,Ingeniero de Sistemas
Isabel,Analista de Seguridad
Luis,Diseñador de UX/UI
Carmen,Administrador de Bases de Datos
Alejandro,Desarrollador Full Stack
Beatriz,Ingeniero de Software
Diego,Especialista en Redes
Sofía,Analista de BI
Javier,Arquitecto de Soluciones
Paula,Administrador de Cloud
Manuel,Desarrollador Backend
Lucía,Especialista en Machine Learning
José,Desarrollador Mobile
Sara,Ingeniero DevOps
Jorge,Analista de QA
Rosa,Administrador de Redes
Alberto,Ingeniero de Seguridad
Natalia,Diseñador UX/UI
Daniel,Desarrollador Web
Patricia,Científico de Datos
Adrián,Especialista en Cloud
Cristina,Analista de Sistemas
Fernando,Ingeniero Frontend
Raquel,Administrador de Bases de Datos
Ignacio,Desarrollador Full Stack
Clara,Ingeniero de Software
Gonzalo,Analista de Seguridad
Olga,Arquitecto de Soluciones
Roberto,Especialista en Redes
Alicia,Desarrollador de Software
Hugo,Ingeniero de Datos
Eva,Analista de QA
Víctor,Administrador de Cloud
Marcela,Diseñador UX/UI
Oscar,Desarrollador Backend
Miriam,Especialista en Machine Learning
Jaime,Ingeniero DevOps
Silvia,Analista de BI
Tomás,Desarrollador Mobile
Carolina,Ingeniero Frontend
Juan,Desarrollador de Software
María,Ingeniero de Redes
Carlos,Analista de Datos
Laura,Administrador de Sistemas
Miguel,Especialista en Seguridad
Ana,Arquitecto de Software
Pedro,Desarrollador Frontend
Elena,Científico de Datos
Francisco,Ingeniero de Sistemas
Isabel,Analista de Seguridad
Luis,Diseñador de UX/UI
Carmen,Administrador de Bases de Datos
Alejandro,Desarrollador Full Stack
Beatriz,Ingeniero de Software
Diego,Especialista en Redes
Sofía,Analista de BI
Javier,Arquitecto de Soluciones
Paula,Administrador de Cloud
Manuel,Desarrollador Backend
Lucía,Especialista en Machine Learning
José,Desarrollador Mobile
Sara,Ingeniero DevOps
Jorge,Analista de QA
Rosa,Administrador de Redes
Alberto,Ingeniero de Seguridad
Natalia,Diseñador UX/UI
Daniel,Desarrollador Web
Patricia,Científico de Datos
Adrián,Especialista en Cloud
Cristina,Analista de Sistemas
Fernando,Ingeniero Frontend
Raquel,Administrador de Bases de Datos
Ignacio,Desarrollador Full Stack
Clara,Ingeniero de Software
Gonzalo,Analista de Seguridad
Olga,Arquitecto de Soluciones
Roberto,Especialista en Redes
Alicia,Desarrollador de Software
Hugo,Ingeniero de Datos
Eva,Analista de QA
Víctor,Administrador de Cloud
Marcela,Diseñador UX/UI
Oscar,Desarrollador Backend
Miriam,Especialista en Machine Learning
Jaime,Ingeniero DevOps
Silvia,Analista de BI
Tomás,Desarrollador Mobile
Carolina,Ingeniero Frontend
Juan,Desarrollador de Software
María,Ingeniero de Redes
Carlos,Analista de Datos
Laura,Administrador de Sistemas
Miguel,Especialista en Seguridad
Ana,Arquitecto de Software
Pedro,Desarrollador Frontend
Elena,Científico de Datos
Francisco,Ingeniero de Sistemas
Isabel,Analista de Seguridad
Luis,Diseñador de UX/UI
Carmen,Administrador de Bases de Datos
Alejandro,Desarrollador Full Stack
Beatriz,Ingeniero de Software
Diego,Especialista en Redes
Sofía,Analista de BI
Javier,Arquitecto de Soluciones
Paula,Administrador de Cloud
Manuel,Desarrollador Backend
Lucía,Especialista en Machine Learning
José,Desarrollador Mobile
Sara,Ingeniero DevOps
Jorge,Analista de QA
Rosa,Administrador de Redes
Alberto,Ingeniero de Seguridad
Natalia,Diseñador UX/UI
Daniel,Desarrollador Web
Patricia,Científico de Datos
Adrián,Especialista en Cloud
Cristina,Analista de Sistemas
Fernando,Ingeniero Frontend
Raquel,Administrador de Bases de Datos
Ignacio,Desarrollador Full Stack
Clara,Ingeniero de Software
Gonzalo,Analista de Seguridad
Olga,Arquitecto de Soluciones
Roberto,Especialista en Redes
Alicia,Desarrollador de Software
Hugo,Ingeniero de Datos
Eva,Analista de QA
Víctor,Administrador de Cloud
Marcela,Diseñador UX/UI
Oscar,Desarrollador Backend
Miriam,Especialista en Machine Learning
Jaime,Ingeniero DevOps
Silvia,Analista de BI
Tomás,Desarrollador Mobile
Carolina,Ingeniero Frontend
Juan,Desarrollador de Software
María,Ingeniero de Redes
Carlos,Analista de Datos
Laura,Administrador de Sistemas
Miguel,Especialista en Seguridad
Ana,Arquitecto de Software
Pedro,Desarrollador Frontend
Elena,Científico de Datos
Francisco,Ingeniero de Sistemas
Isabel,Analista de Seguridad
Luis,Diseñador de UX/UI
Carmen,Administrador de Bases de Datos
Alejandro,Desarrollador Full Stack
Beatriz,Ingeniero de Software
Diego,Especialista en Redes
Sofía,Analista de BI
Javier,Arquitecto de Soluciones
Paula,Administrador de Cloud
Manuel,Desarrollador Backend
Lucía,Especialista en Machine Learning
José,Desarrollador Mobile
Sara,Ingeniero DevOps
Jorge,Analista de QA
Rosa,Administrador de Redes
Alberto,Ingeniero de Seguridad
Natalia,Diseñador UX/UI
Daniel,Desarrollador Web
Patricia,Científico de Datos
Adrián,Especialista en Cloud
Cristina,Analista de Sistemas
Fernando,Ingeniero Frontend
Raquel,Administrador de Bases de Datos
Ignacio,Desarrollador Full Stack
Clara,Ingeniero de Software
Gonzalo,Analista de Seguridad
Olga,Arquitecto de Soluciones
Roberto,Especialista en Redes
Alicia,Desarrollador de Software
Hugo,Ingeniero de Datos
Eva,Analista de QA
Víctor,Administrador de Cloud
Marcela,Diseñador UX/UI
Oscar,Desarrollador Backend
Miriam,Especialista en Machine Learning
Jaime,Ingeniero DevOps
Silvia,Analista de BI
Tomás,Desarrollador Mobile
Carolina,Ingeniero Frontend
Juan,Desarrollador de Software
María,Ingeniero de Redes
Carlos,Analista de Datos
Laura,Administrador de Sistemas
Miguel,Especialista en Seguridad
Ana,Arquitecto de Software
Pedro,Desarrollador Frontend
Elena,Científico de Datos
Francisco,Ingeniero de Sistemas
Isabel,Analista de Seguridad
Luis,Diseñador de UX/UI
Carmen,Administrador de Bases de Datos
Alejandro,Desarrollador Full Stack
Beatriz,Ingeniero de Software
Diego,Especialista en Redes
Sofía,Analista de BI
Javier,Arquitecto de Soluciones
Paula,Administrador de Cloud
Manuel,Desarrollador Backend
Lucía,Especialista en Machine Learning
José,Desarrollador Mobile
Sara,Ingeniero DevOps
Jorge,Analista de QA
Rosa,Administrador de Redes
Alberto,Ingeniero de Seguridad
Natalia,Diseñador UX/UI
Daniel,Desarrollador Web
Patricia,Científico de Datos
Adrián,Especialista en Cloud
Cristina,Analista de Sistemas
Fernando,Ingeniero Frontend
Raquel,Administrador de Bases de Datos
Ignacio,Desarrollador Full Stack
Clara,Ingeniero de Software
Gonzalo,Analista de Seguridad
Olga,Arquitecto de Soluciones
Roberto,Especialista en Redes
Alicia,Desarrollador de Software
Hugo,Ingeniero de Datos
Eva,Analista de QA
Víctor,Administrador de Cloud
Marcela,Diseñador UX/UI
Oscar,Desarrollador Backend
Miriam,Especialista en Machine Learning
Jaime,Ingeniero DevOps
Silvia,Analista de BI
Tomás,Desarrollador Mobile
Carolina,Ingeniero Frontend 